{
  "project_info": {
    "project_number": "878229185885",
    "project_id": "kit305-607-fa42b",
    "storage_bucket": "kit305-607-fa42b.appspot.com"
  },
  "client": [
    {
      "client_info": {
        "mobilesdk_app_id": "1:878229185885:android:02bb94070035ced8ba34b4",
        "android_client_info": {
          "package_name": "au.edu.utas.kit305.tutorial05"
        }
      },
      "oauth_client": [
        {
          "client_id": "878229185885-kn2bcss5hfh6pef1qg5ntlpu0p5mflp7.apps.googleusercontent.com",
          "client_type": 3
        }
      ],
      "api_key": [
        {
          "current_key": "AIzaSyCAS8peKCxJbkJ9o1Wv2R2EvDI8Qkc1clo"
        }
      ],
      "services": {
        "appinvite_service": {
          "other_platform_oauth_client": [
            {
              "client_id": "878229185885-kn2bcss5hfh6pef1qg5ntlpu0p5mflp7.apps.googleusercontent.com",
              "client_type": 3
            }
          ]
        }
      }
    },
    {
      "client_info": {
        "mobilesdk_app_id": "1:878229185885:android:15852cdefedf558eba34b4",
        "android_client_info": {
          "package_name": "au.edu.utas.kit305.tutorialapp"
        }
      },
      "oauth_client": [
        {
          "client_id": "878229185885-kn2bcss5hfh6pef1qg5ntlpu0p5mflp7.apps.googleusercontent.com",
          "client_type": 3
        }
      ],
      "api_key": [
        {
          "current_key": "AIzaSyCAS8peKCxJbkJ9o1Wv2R2EvDI8Qkc1clo"
        }
      ],
      "services": {
        "appinvite_service": {
          "other_platform_oauth_client": [
            {
              "client_id": "878229185885-kn2bcss5hfh6pef1qg5ntlpu0p5mflp7.apps.googleusercontent.com",
              "client_type": 3
            }
          ]
        }
      }
    }
  ],
  "configuration_version": "1"
}